{
  "assetsByChunkName": {
    "vendors~app-account~app-checkout~app-confirmation~app-order": "chunk.0b912523d00d18bfb541.js",
    "vendors~app-account~app-confirmation~app-order": "chunk.5b089ce3f79df8f886de.js",
    "vendors~app-account~app-checkout": "chunk.94173fe444c60fa8b73d.js",
    "admin": [
      "admin.3b8fd996f832cedc630c.js",
      "admin.3b8fd996f832cedc630c.js.map"
    ],
    "app-account": "chunk.abe591d3462e84183eef.js",
    "app-confirmation": "chunk.ba59786d147abe65f928.js",
    "app-order": "chunk.ffe61f57e63b1dd3104e.js",
    "checkout": [
      "checkout.bfbcfebb6b2f279711c2.js",
      "checkout.bfbcfebb6b2f279711c2.js.map"
    ],
    "storefront": [
      "storefront.8e1f4b5b2ec2387840b4.css",
      "storefront.f1ff36c1828425a20639.js",
      "storefront.8e1f4b5b2ec2387840b4.css.map",
      "storefront.f1ff36c1828425a20639.js.map"
    ],
    "vendors~app-cart": "chunk.34e568424beaea9bbeae.js",
    "vendors~app-checkout": "chunk.a822590373e3cdd5617a.js"
  }
}